"module","method","path","auth","class","handler","file","line","requestBodyType","responseType","statusHint"
"01-auth-users","POST","/v1/auth/login/email","Public (no token)","AuthController","loginWithEmail","C:\Users\M16-PC\Projects\Sakany\src\main\java\com\theMs\sakany\accounts\internal\api\controllers\AuthController.java","136","LoginEmailRequest","AuthResponse","200 OK"
"01-auth-users","POST","/v1/auth/login/phone","Public (no token)","AuthController","loginWithPhone","C:\Users\M16-PC\Projects\Sakany\src\main\java\com\theMs\sakany\accounts\internal\api\controllers\AuthController.java","107","LoginPhoneRequest","AuthResponse","200 OK"
"01-auth-users","GET","/v1/auth/me","Bearer token (authenticated user)","AuthController","me","C:\Users\M16-PC\Projects\Sakany\src\main\java\com\theMs\sakany\accounts\internal\api\controllers\AuthController.java","179",,"Map<String, Object>","200 OK"
"01-auth-users","POST","/v1/auth/refresh","Public (no token)","AuthController","refresh","C:\Users\M16-PC\Projects\Sakany\src\main\java\com\theMs\sakany\accounts\internal\api\controllers\AuthController.java","156","RefreshRequest","AuthResponse","200 OK"
"01-auth-users","POST","/v1/auth/register","Public (no token)","AuthController","register","C:\Users\M16-PC\Projects\Sakany\src\main\java\com\theMs\sakany\accounts\internal\api\controllers\AuthController.java","58","RegisterRequest","AuthResponse","201 Created"
"01-auth-users","POST","/v1/auth/send-otp","Public (no token)","AuthController","sendOtp","C:\Users\M16-PC\Projects\Sakany\src\main\java\com\theMs\sakany\accounts\internal\api\controllers\AuthController.java","85","Map<String, String>","Map<String, String>","200 OK"
"02-properties","POST","/v1/buildings","Bearer token (authenticated user)","BuildingController","createBuilding","C:\Users\M16-PC\Projects\Sakany\src\main\java\com\theMs\sakany\property\internal\api\controllers\BuildingController.java","29","CreateBuildingRequest","UUID","201 Created"
"02-properties","GET","/v1/buildings/compound/{compoundId}","Bearer token (authenticated user)","BuildingController","getBuildingsByCompound","C:\Users\M16-PC\Projects\Sakany\src\main\java\com\theMs\sakany\property\internal\api\controllers\BuildingController.java","36",,"List<BuildingResponse>","200 OK"
"02-properties","POST","/v1/compounds","Bearer token (authenticated user)","CompoundController","createCompound","C:\Users\M16-PC\Projects\Sakany\src\main\java\com\theMs\sakany\property\internal\api\controllers\CompoundController.java","28","CreateCompoundRequest","UUID","201 Created"
"02-properties","GET","/v1/compounds/{id}","Bearer token (authenticated user)","CompoundController","getCompoundById","C:\Users\M16-PC\Projects\Sakany\src\main\java\com\theMs\sakany\property\internal\api\controllers\CompoundController.java","35",,"CompoundResponse","200 OK"
"02-properties","POST","/v1/units","Bearer token (authenticated user)","UnitController","createUnit","C:\Users\M16-PC\Projects\Sakany\src\main\java\com\theMs\sakany\property\internal\api\controllers\UnitController.java","29","CreateUnitRequest","UUID","201 Created"
"02-properties","GET","/v1/units/building/{buildingId}","Bearer token (authenticated user)","UnitController","getUnitsByBuilding","C:\Users\M16-PC\Projects\Sakany\src\main\java\com\theMs\sakany\property\internal\api\controllers\UnitController.java","36",,"List<UnitResponse>","200 OK"
"03-access-qr","POST","/v1/access/codes","Bearer token (authenticated user)","AccessController","createAccessCode","C:\Users\M16-PC\Projects\Sakany\src\main\java\com\theMs\sakany\access\internal\api\controllers\AccessController.java","80","CreateAccessCodeRequest","AccessCodeResponse","201 Created"
"03-access-qr","POST","/v1/access/codes/{code}/scan","Bearer token (authenticated user)","AccessController","scanAccessCode","C:\Users\M16-PC\Projects\Sakany\src\main\java\com\theMs\sakany\access\internal\api\controllers\AccessController.java","132","ScanAccessCodeRequest","ScanAccessCodeResponse","201 Created"
"03-access-qr","POST","/v1/access/codes/{codeId}/reactivate","Bearer token (authenticated user)","AccessController","reactivateAccessCode","C:\Users\M16-PC\Projects\Sakany\src\main\java\com\theMs\sakany\access\internal\api\controllers\AccessController.java","159","ReactivateAccessCodeRequest","AccessCodeResponse","201 Created"
"03-access-qr","DELETE","/v1/access/codes/{id}","Bearer token (authenticated user)","AccessController","revokeAccessCode","C:\Users\M16-PC\Projects\Sakany\src\main\java\com\theMs\sakany\access\internal\api\controllers\AccessController.java","149",,"Void","204 No Content"
"03-access-qr","GET","/v1/access/codes/{id}","Bearer token (authenticated user)","AccessController","getAccessCode","C:\Users\M16-PC\Projects\Sakany\src\main\java\com\theMs\sakany\access\internal\api\controllers\AccessController.java","104",,"AccessCodeResponse","200 OK"
"03-access-qr","GET","/v1/access/codes/my","Bearer token (authenticated user)","AccessController","listMyAccessCodes","C:\Users\M16-PC\Projects\Sakany\src\main\java\com\theMs\sakany\access\internal\api\controllers\AccessController.java","115",,"List<AccessCodeResponse>","200 OK"
"03-access-qr","GET","/v1/access/visit-logs","Bearer token (authenticated user)","AccessController","listVisitLogs","C:\Users\M16-PC\Projects\Sakany\src\main\java\com\theMs\sakany\access\internal\api\controllers\AccessController.java","179",,"List<VisitLogResponse>","200 OK"
"03-access-qr","PATCH","/v1/access/visit-logs/{id}/exit","Bearer token (authenticated user)","AccessController","logVisitorExit","C:\Users\M16-PC\Projects\Sakany\src\main\java\com\theMs\sakany\access\internal\api\controllers\AccessController.java","204",,"Void","204 No Content"
"03-access-qr","GET","/v1/admin/access/codes","Admin Bearer token (ROLE_ADMIN)","AdminQrAccessController","listAdminQrAccessCodes","C:\Users\M16-PC\Projects\Sakany\src\main\java\com\theMs\sakany\access\internal\api\controllers\AdminQrAccessController.java","30",,"AdminQrAccessDirectoryService.AdminQrAccessPage","200 OK"
"03-access-qr","DELETE","/v1/admin/access/codes/{accessCodeId}","Admin Bearer token (ROLE_ADMIN)","AdminQrAccessController","deleteQrCode","C:\Users\M16-PC\Projects\Sakany\src\main\java\com\theMs\sakany\access\internal\api\controllers\AdminQrAccessController.java","78",,"Void","204 No Content"
"03-access-qr","GET","/v1/admin/access/codes/{accessCodeId}/details","Admin Bearer token (ROLE_ADMIN)","AdminQrAccessController","getCodeDetails","C:\Users\M16-PC\Projects\Sakany\src\main\java\com\theMs\sakany\access\internal\api\controllers\AdminQrAccessController.java","62",,"AdminQrAccessDirectoryService.AdminQrCodeDetailsResponse","200 OK"
"03-access-qr","GET","/v1/admin/access/codes/{accessCodeId}/download","Admin Bearer token (ROLE_ADMIN)","AdminQrAccessController","downloadQrCode","C:\Users\M16-PC\Projects\Sakany\src\main\java\com\theMs\sakany\access\internal\api\controllers\AdminQrAccessController.java","69",,"byte[]","200 OK"
"03-access-qr","GET","/v1/admin/access/residents/{residentId}/codes","Admin Bearer token (ROLE_ADMIN)","AdminQrAccessController","listResidentQrCodes","C:\Users\M16-PC\Projects\Sakany\src\main\java\com\theMs\sakany\access\internal\api\controllers\AdminQrAccessController.java","51",,"AdminQrAccessDirectoryService.ResidentQrCodesResponse","200 OK"
"03-access-qr","GET","/v1/admin/access/statuses","Admin Bearer token (ROLE_ADMIN)","AdminQrAccessController","listStatusOptions","C:\Users\M16-PC\Projects\Sakany\src\main\java\com\theMs\sakany\access\internal\api\controllers\AdminQrAccessController.java","41",,"List<String>","200 OK"
"03-access-qr","GET","/v1/admin/access/types","Admin Bearer token (ROLE_ADMIN)","AdminQrAccessController","listTypeOptions","C:\Users\M16-PC\Projects\Sakany\src\main\java\com\theMs\sakany\access\internal\api\controllers\AdminQrAccessController.java","46",,"List<String>","200 OK"
"04-billing","GET","/v1/invoices","Bearer token (authenticated user)","InvoiceController","listInvoices","C:\Users\M16-PC\Projects\Sakany\src\main\java\com\theMs\sakany\billing\internal\api\controllers\InvoiceController.java","71",,"List<InvoiceResponse>","200 OK"
"04-billing","POST","/v1/invoices","Bearer token (authenticated user)","InvoiceController","issueInvoice","C:\Users\M16-PC\Projects\Sakany\src\main\java\com\theMs\sakany\billing\internal\api\controllers\InvoiceController.java","56","IssueInvoiceRequest","UUID","201 Created"
"04-billing","GET","/v1/invoices/{id}","Bearer token (authenticated user)","InvoiceController","getInvoiceById","C:\Users\M16-PC\Projects\Sakany\src\main\java\com\theMs\sakany\billing\internal\api\controllers\InvoiceController.java","83",,"InvoiceResponse","200 OK"
"04-billing","PATCH","/v1/invoices/{id}/cancel","Bearer token (authenticated user)","InvoiceController","cancelInvoice","C:\Users\M16-PC\Projects\Sakany\src\main\java\com\theMs\sakany\billing\internal\api\controllers\InvoiceController.java","101",,"Void","204 No Content"
"04-billing","POST","/v1/invoices/{id}/pay","Bearer token (authenticated user)","InvoiceController","payInvoice","C:\Users\M16-PC\Projects\Sakany\src\main\java\com\theMs\sakany\billing\internal\api\controllers\InvoiceController.java","89","PayInvoiceRequest","UUID","201 Created"
"04-billing","GET","/v1/payments","Bearer token (authenticated user)","PaymentController","listPayments","C:\Users\M16-PC\Projects\Sakany\src\main\java\com\theMs\sakany\billing\internal\api\controllers\PaymentController.java","27",,"List<PaymentResponse>","200 OK"
"05-maintenance","GET","/v1/admin/maintenance/areas","Admin Bearer token (ROLE_ADMIN)","AdminMaintenanceCommandCenterController","getAreaOptions","C:\Users\M16-PC\Projects\Sakany\src\main\java\com\theMs\sakany\maintenance\internal\api\controllers\AdminMaintenanceCommandCenterController.java","40",,"List<String>","200 OK"
"05-maintenance","GET","/v1/admin/maintenance/categories","Admin Bearer token (ROLE_ADMIN)","AdminMaintenanceCommandCenterController","getCategoryOptions","C:\Users\M16-PC\Projects\Sakany\src\main\java\com\theMs\sakany\maintenance\internal\api\controllers\AdminMaintenanceCommandCenterController.java","50",,"List<String>","200 OK"
"05-maintenance","GET","/v1/admin/maintenance/requests","Admin Bearer token (ROLE_ADMIN)","AdminMaintenanceCommandCenterController","getCommandCenter","C:\Users\M16-PC\Projects\Sakany\src\main\java\com\theMs\sakany\maintenance\internal\api\controllers\AdminMaintenanceCommandCenterController.java","27",,"AdminMaintenanceCommandCenterService.MaintenanceCommandCenterPage","200 OK"
"05-maintenance","POST","/v1/admin/maintenance/requests/{requestId}/assign","Admin Bearer token (ROLE_ADMIN)","AdminMaintenanceCardController","assignTechnician","C:\Users\M16-PC\Projects\Sakany\src\main\java\com\theMs\sakany\maintenance\internal\api\controllers\AdminMaintenanceCardController.java","114","AssignMaintenanceTechnicianRequest","Void","204 No Content"
"05-maintenance","GET","/v1/admin/maintenance/requests/{requestId}/card","Admin Bearer token (ROLE_ADMIN)","AdminMaintenanceCardController","getMaintenanceCard","C:\Users\M16-PC\Projects\Sakany\src\main\java\com\theMs\sakany\maintenance\internal\api\controllers\AdminMaintenanceCardController.java","48",,"AdminMaintenanceCardService.MaintenanceManagementCardResponse","200 OK"
"05-maintenance","PATCH","/v1/admin/maintenance/requests/{requestId}/priority","Admin Bearer token (ROLE_ADMIN)","AdminMaintenanceCardController","updatePriority","C:\Users\M16-PC\Projects\Sakany\src\main\java\com\theMs\sakany\maintenance\internal\api\controllers\AdminMaintenanceCardController.java","96","UpdatePriorityRequest","Void","204 No Content"
"05-maintenance","GET","/v1/admin/maintenance/requests/{requestId}/receipt","Admin Bearer token (ROLE_ADMIN)","AdminMaintenanceCardController","downloadReceipt","C:\Users\M16-PC\Projects\Sakany\src\main\java\com\theMs\sakany\maintenance\internal\api\controllers\AdminMaintenanceCardController.java","55",,"byte[]","200 OK"
"05-maintenance","POST","/v1/admin/maintenance/requests/{requestId}/viewed","Admin Bearer token (ROLE_ADMIN)","AdminMaintenanceCardController","markViewed","C:\Users\M16-PC\Projects\Sakany\src\main\java\com\theMs\sakany\maintenance\internal\api\controllers\AdminMaintenanceCardController.java","135","MarkMaintenanceViewedRequest","Void","204 No Content"
"05-maintenance","GET","/v1/admin/maintenance/technicians","Admin Bearer token (ROLE_ADMIN)","AdminMaintenanceCardController","getTechnicians","C:\Users\M16-PC\Projects\Sakany\src\main\java\com\theMs\sakany\maintenance\internal\api\controllers\AdminMaintenanceCardController.java","89",,"List<AdminMaintenanceCardService.TechnicianOption>","200 OK"
"05-maintenance","GET","/v1/admin/maintenance/types","Admin Bearer token (ROLE_ADMIN)","AdminMaintenanceCommandCenterController","getTypeOptions","C:\Users\M16-PC\Projects\Sakany\src\main\java\com\theMs\sakany\maintenance\internal\api\controllers\AdminMaintenanceCommandCenterController.java","45",,"List<String>","200 OK"
"05-maintenance","POST","/v1/maintenance-requests","Bearer token (authenticated user)","MaintenanceRequestController","createRequest","C:\Users\M16-PC\Projects\Sakany\src\main\java\com\theMs\sakany\maintenance\internal\api\controllers\MaintenanceRequestController.java","59","CreateMaintenanceRequestDto","UUID","201 Created"
"05-maintenance","GET","/v1/maintenance-requests/{id}","Bearer token (authenticated user)","MaintenanceRequestController","getById","C:\Users\M16-PC\Projects\Sakany\src\main\java\com\theMs\sakany\maintenance\internal\api\controllers\MaintenanceRequestController.java","84",,"MaintenanceRequestResponseDto","200 OK"
"05-maintenance","POST","/v1/maintenance-requests/{id}/assign","Bearer token (authenticated user)","MaintenanceRequestController","assignTechnician","C:\Users\M16-PC\Projects\Sakany\src\main\java\com\theMs\sakany\maintenance\internal\api\controllers\MaintenanceRequestController.java","106","AssignTechnicianDto","Void","200 OK"
"05-maintenance","POST","/v1/maintenance-requests/{id}/cancel","Bearer token (authenticated user)","MaintenanceRequestController","cancel","C:\Users\M16-PC\Projects\Sakany\src\main\java\com\theMs\sakany\maintenance\internal\api\controllers\MaintenanceRequestController.java","154",,"Void","200 OK"
"05-maintenance","POST","/v1/maintenance-requests/{id}/reject","Bearer token (authenticated user)","MaintenanceRequestController","reject","C:\Users\M16-PC\Projects\Sakany\src\main\java\com\theMs\sakany\maintenance\internal\api\controllers\MaintenanceRequestController.java","168","RejectRequestDto","Void","200 OK"
"05-maintenance","POST","/v1/maintenance-requests/{id}/resolve","Bearer token (authenticated user)","MaintenanceRequestController","resolve","C:\Users\M16-PC\Projects\Sakany\src\main\java\com\theMs\sakany\maintenance\internal\api\controllers\MaintenanceRequestController.java","134","ResolveMaintenanceRequestDto","Void","200 OK"
"05-maintenance","POST","/v1/maintenance-requests/{id}/start","Bearer token (authenticated user)","MaintenanceRequestController","startWork","C:\Users\M16-PC\Projects\Sakany\src\main\java\com\theMs\sakany\maintenance\internal\api\controllers\MaintenanceRequestController.java","120",,"Void","200 OK"
"05-maintenance","GET","/v1/maintenance-requests/resident/{residentId}","Bearer token (authenticated user)","MaintenanceRequestController","getByResident","C:\Users\M16-PC\Projects\Sakany\src\main\java\com\theMs\sakany\maintenance\internal\api\controllers\MaintenanceRequestController.java","90",,"List<MaintenanceRequestResponseDto>","200 OK"
"05-maintenance","GET","/v1/maintenance-requests/status/{status}","Bearer token (authenticated user)","MaintenanceRequestController","getByStatus","C:\Users\M16-PC\Projects\Sakany\src\main\java\com\theMs\sakany\maintenance\internal\api\controllers\MaintenanceRequestController.java","98",,"List<MaintenanceRequestResponseDto>","200 OK"
"06-feedback","GET","/v1/admin/feedback","Admin Bearer token (ROLE_ADMIN)","AdminFeedbackController","getDashboard","C:\Users\M16-PC\Projects\Sakany\src\main\java\com\theMs\sakany\community\internal\api\controllers\AdminFeedbackController.java","37",,"AdminFeedbackDashboardService.AdminFeedbackDashboardResponse","200 OK"
"06-feedback","POST","/v1/admin/feedback","Admin Bearer token (ROLE_ADMIN)","AdminFeedbackController","createFeedback","C:\Users\M16-PC\Projects\Sakany\src\main\java\com\theMs\sakany\community\internal\api\controllers\AdminFeedbackController.java","64","AdminCreateFeedbackRequest","UUID","201 Created"
"06-feedback","DELETE","/v1/admin/feedback/{feedbackId}","Admin Bearer token (ROLE_ADMIN)","AdminFeedbackController","deleteFeedback","C:\Users\M16-PC\Projects\Sakany\src\main\java\com\theMs\sakany\community\internal\api\controllers\AdminFeedbackController.java","114",,"Void","204 No Content"
"06-feedback","GET","/v1/admin/feedback/{feedbackId}/details","Admin Bearer token (ROLE_ADMIN)","AdminFeedbackController","getFeedbackDetails","C:\Users\M16-PC\Projects\Sakany\src\main\java\com\theMs\sakany\community\internal\api\controllers\AdminFeedbackController.java","59",,"AdminFeedbackDashboardService.AdminFeedbackDetailsResponse","200 OK"
"06-feedback","PATCH","/v1/admin/feedback/{feedbackId}/respond","Admin Bearer token (ROLE_ADMIN)","AdminFeedbackController","respondToFeedback","C:\Users\M16-PC\Projects\Sakany\src\main\java\com\theMs\sakany\community\internal\api\controllers\AdminFeedbackController.java","88","AdminRespondFeedbackRequest","Void","204 No Content"
"06-feedback","PATCH","/v1/admin/feedback/{feedbackId}/status","Admin Bearer token (ROLE_ADMIN)","AdminFeedbackController","updateFeedbackStatus","C:\Users\M16-PC\Projects\Sakany\src\main\java\com\theMs\sakany\community\internal\api\controllers\AdminFeedbackController.java","101","AdminUpdateFeedbackStatusRequest","Void","204 No Content"
"06-feedback","GET","/v1/admin/feedback/categories","Admin Bearer token (ROLE_ADMIN)","AdminFeedbackController","getCategoryOptions","C:\Users\M16-PC\Projects\Sakany\src\main\java\com\theMs\sakany\community\internal\api\controllers\AdminFeedbackController.java","49",,"List<String>","200 OK"
"06-feedback","GET","/v1/admin/feedback/statuses","Admin Bearer token (ROLE_ADMIN)","AdminFeedbackController","getStatusOptions","C:\Users\M16-PC\Projects\Sakany\src\main\java\com\theMs\sakany\community\internal\api\controllers\AdminFeedbackController.java","54",,"List<String>","200 OK"
"06-feedback","GET","/v1/feedback","Bearer token (authenticated user)","FeedbackController","getPublicFeedback","C:\Users\M16-PC\Projects\Sakany\src\main\java\com\theMs\sakany\community\internal\api\controllers\FeedbackController.java","140",,"List<FeedbackResponse>","200 OK"
"06-feedback","POST","/v1/feedback","Bearer token (authenticated user)","FeedbackController","submitFeedback","C:\Users\M16-PC\Projects\Sakany\src\main\java\com\theMs\sakany\community\internal\api\controllers\FeedbackController.java","123","SubmitFeedbackRequest","UUID","201 Created"
"06-feedback","PATCH","/v1/feedback/{id}/status","Bearer token (authenticated user)","FeedbackController","updateFeedbackStatus","C:\Users\M16-PC\Projects\Sakany\src\main\java\com\theMs\sakany\community\internal\api\controllers\FeedbackController.java","167","UpdateFeedbackStatusRequest","Void","204 No Content"
"06-feedback","POST","/v1/feedback/{id}/vote","Bearer token (authenticated user)","FeedbackController","voteFeedback","C:\Users\M16-PC\Projects\Sakany\src\main\java\com\theMs\sakany\community\internal\api\controllers\FeedbackController.java","160","VoteFeedbackRequest","Void","204 No Content"
"06-feedback","GET","/v1/feedback/me","Bearer token (authenticated user)","FeedbackController","getMyFeedback","C:\Users\M16-PC\Projects\Sakany\src\main\java\com\theMs\sakany\community\internal\api\controllers\FeedbackController.java","147",,"MyFeedbackSummaryResponse","200 OK"
"07-announcements-alerts","GET","/v1/alerts","Bearer token (authenticated user)","AlertController","getActiveAlerts","C:\Users\M16-PC\Projects\Sakany\src\main\java\com\theMs\sakany\community\internal\api\controllers\AlertController.java","66",,"List<AlertResponse>","200 OK"
"07-announcements-alerts","POST","/v1/alerts","Bearer token (authenticated user)","AlertController","reportAlert","C:\Users\M16-PC\Projects\Sakany\src\main\java\com\theMs\sakany\community\internal\api\controllers\AlertController.java","49","ReportAlertRequest","UUID","201 Created"
"07-announcements-alerts","GET","/v1/alerts/{id}","Bearer token (authenticated user)","AlertController","getAlertById","C:\Users\M16-PC\Projects\Sakany\src\main\java\com\theMs\sakany\community\internal\api\controllers\AlertController.java","73",,"AlertResponse","200/201 depending on handler logic"
"07-announcements-alerts","PATCH","/v1/alerts/{id}/resolve","Bearer token (authenticated user)","AlertController","resolveAlert","C:\Users\M16-PC\Projects\Sakany\src\main\java\com\theMs\sakany\community\internal\api\controllers\AlertController.java","82","ResolveAlertRequest","Void","204 No Content"
"07-announcements-alerts","GET","/v1/announcements","Bearer token (authenticated user)","AnnouncementController","getActiveAnnouncements","C:\Users\M16-PC\Projects\Sakany\src\main\java\com\theMs\sakany\community\internal\api\controllers\AnnouncementController.java","79",,"List<AnnouncementResponse>","200 OK"
"07-announcements-alerts","POST","/v1/announcements","Bearer token (authenticated user)","AnnouncementController","createAnnouncement","C:\Users\M16-PC\Projects\Sakany\src\main\java\com\theMs\sakany\community\internal\api\controllers\AnnouncementController.java","67","CreateAnnouncementRequest","UUID","201 Created"
"07-announcements-alerts","PATCH","/v1/announcements/{id}/deactivate","Bearer token (authenticated user)","AnnouncementController","deactivateAnnouncement","C:\Users\M16-PC\Projects\Sakany\src\main\java\com\theMs\sakany\community\internal\api\controllers\AnnouncementController.java","86","DeactivateAnnouncementRequest","Void","204 No Content"
"08-events","GET","/v1/admin/events","Admin Bearer token (ROLE_ADMIN)","AdminEventsController","getDashboard","C:\Users\M16-PC\Projects\Sakany\src\main\java\com\theMs\sakany\events\internal\api\controllers\AdminEventsController.java","78",,"AdminEventsManagerService.AdminEventsDashboardResponse","200 OK"
"08-events","POST","/v1/admin/events","Admin Bearer token (ROLE_ADMIN)","AdminEventsController","createEvent","C:\Users\M16-PC\Projects\Sakany\src\main\java\com\theMs\sakany\events\internal\api\controllers\AdminEventsController.java","99","AdminCreateEventRequest","UUID","201 Created"
"08-events","DELETE","/v1/admin/events/{eventId}","Admin Bearer token (ROLE_ADMIN)","AdminEventsController","deleteEvent","C:\Users\M16-PC\Projects\Sakany\src\main\java\com\theMs\sakany\events\internal\api\controllers\AdminEventsController.java","185",,"Void","204 No Content"
"08-events","PATCH","/v1/admin/events/{eventId}","Admin Bearer token (ROLE_ADMIN)","AdminEventsController","editEvent","C:\Users\M16-PC\Projects\Sakany\src\main\java\com\theMs\sakany\events\internal\api\controllers\AdminEventsController.java","154","AdminEventCardMenuService.AdminUpdateEventRequest","Void","204 No Content"
"08-events","PATCH","/v1/admin/events/{eventId}/approve","Admin Bearer token (ROLE_ADMIN)","AdminEventsController","approveEvent","C:\Users\M16-PC\Projects\Sakany\src\main\java\com\theMs\sakany\events\internal\api\controllers\AdminEventsController.java","128","AdminActorRequest","Void","204 No Content"
"08-events","GET","/v1/admin/events/{eventId}/attendees/export","Admin Bearer token (ROLE_ADMIN)","AdminEventsController","exportAttendees","C:\Users\M16-PC\Projects\Sakany\src\main\java\com\theMs\sakany\events\internal\api\controllers\AdminEventsController.java","176",,"byte[]","200 OK"
"08-events","PATCH","/v1/admin/events/{eventId}/complete","Admin Bearer token (ROLE_ADMIN)","AdminEventsController","completeEvent","C:\Users\M16-PC\Projects\Sakany\src\main\java\com\theMs\sakany\events\internal\api\controllers\AdminEventsController.java","142","AdminActorRequest","Void","204 No Content"
"08-events","GET","/v1/admin/events/{eventId}/details","Admin Bearer token (ROLE_ADMIN)","AdminEventsController","getEventCardDetails","C:\Users\M16-PC\Projects\Sakany\src\main\java\com\theMs\sakany\events\internal\api\controllers\AdminEventsController.java","149",,"AdminEventCardMenuService.AdminEventCardDetailsResponse","200 OK"
"08-events","POST","/v1/admin/events/{eventId}/notify-residents","Admin Bearer token (ROLE_ADMIN)","AdminEventsController","notifyResidents","C:\Users\M16-PC\Projects\Sakany\src\main\java\com\theMs\sakany\events\internal\api\controllers\AdminEventsController.java","163","AdminNotifyResidentsRequest","AdminEventCardMenuService.NotifyResidentsResult","200 OK"
"08-events","PATCH","/v1/admin/events/{eventId}/reject","Admin Bearer token (ROLE_ADMIN)","AdminEventsController","rejectEvent","C:\Users\M16-PC\Projects\Sakany\src\main\java\com\theMs\sakany\events\internal\api\controllers\AdminEventsController.java","135","AdminActorRequest","Void","204 No Content"
"08-events","GET","/v1/admin/events/categories","Admin Bearer token (ROLE_ADMIN)","AdminEventsController","getCategoryOptions","C:\Users\M16-PC\Projects\Sakany\src\main\java\com\theMs\sakany\events\internal\api\controllers\AdminEventsController.java","89",,"List<String>","200 OK"
"08-events","GET","/v1/admin/events/statuses","Admin Bearer token (ROLE_ADMIN)","AdminEventsController","getStatusOptions","C:\Users\M16-PC\Projects\Sakany\src\main\java\com\theMs\sakany\events\internal\api\controllers\AdminEventsController.java","94",,"List<String>","200 OK"
"08-events","GET","/v1/events","Bearer token (authenticated user)","EventController","listEvents","C:\Users\M16-PC\Projects\Sakany\src\main\java\com\theMs\sakany\events\internal\api\controllers\EventController.java","58",,"List<EventDto>","200 OK"
"08-events","POST","/v1/events","Bearer token (authenticated user)","EventController","proposeEvent","C:\Users\M16-PC\Projects\Sakany\src\main\java\com\theMs\sakany\events\internal\api\controllers\EventController.java","47","ProposeEventCommand","Void","200/201 depending on handler logic"
"08-events","GET","/v1/events/{id}","Bearer token (authenticated user)","EventController","getEventDetails","C:\Users\M16-PC\Projects\Sakany\src\main\java\com\theMs\sakany\events\internal\api\controllers\EventController.java","64",,"EventDto","200 OK"
"08-events","PATCH","/v1/events/{id}/approve","Bearer token (authenticated user)","EventController","approveEvent","C:\Users\M16-PC\Projects\Sakany\src\main\java\com\theMs\sakany\events\internal\api\controllers\EventController.java","71",,"Void","204 No Content"
"08-events","DELETE","/v1/events/{id}/register","Bearer token (authenticated user)","EventController","cancelRegistration","C:\Users\M16-PC\Projects\Sakany\src\main\java\com\theMs\sakany\events\internal\api\controllers\EventController.java","89",,"Void","204 No Content"
"08-events","POST","/v1/events/{id}/register","Bearer token (authenticated user)","EventController","registerForEvent","C:\Users\M16-PC\Projects\Sakany\src\main\java\com\theMs\sakany\events\internal\api\controllers\EventController.java","83",,"Void","200 OK"
"08-events","PATCH","/v1/events/{id}/reject","Bearer token (authenticated user)","EventController","rejectEvent","C:\Users\M16-PC\Projects\Sakany\src\main\java\com\theMs\sakany\events\internal\api\controllers\EventController.java","77",,"Void","204 No Content"
"09-notifications-communications","POST","/v1/admin/communications/announcements","Admin Bearer token (ROLE_ADMIN)","AdminCommunicationsController","createAnnouncement","C:\Users\M16-PC\Projects\Sakany\src\main\java\com\theMs\sakany\notifications\internal\api\controllers\AdminCommunicationsController.java","96","AdminCreateAnnouncementRequest","UUID","201 Created"
"09-notifications-communications","DELETE","/v1/admin/communications/announcements/{announcementId}","Admin Bearer token (ROLE_ADMIN)","AdminCommunicationsController","deleteAnnouncementItem","C:\Users\M16-PC\Projects\Sakany\src\main\java\com\theMs\sakany\notifications\internal\api\controllers\AdminCommunicationsController.java","130",,"Void","204 No Content"
"09-notifications-communications","GET","/v1/admin/communications/announcements/{announcementId}","Admin Bearer token (ROLE_ADMIN)","AdminCommunicationsController","getAnnouncementItem","C:\Users\M16-PC\Projects\Sakany\src\main\java\com\theMs\sakany\notifications\internal\api\controllers\AdminCommunicationsController.java","109",,"AdminCommunicationsCenterService.CommunicationCardItem","200 OK"
"09-notifications-communications","PATCH","/v1/admin/communications/announcements/{announcementId}","Admin Bearer token (ROLE_ADMIN)","AdminCommunicationsController","updateAnnouncementItem","C:\Users\M16-PC\Projects\Sakany\src\main\java\com\theMs\sakany\notifications\internal\api\controllers\AdminCommunicationsController.java","114","AdminUpdateAnnouncementRequest","Void","204 No Content"
"09-notifications-communications","GET","/v1/admin/communications/center","Admin Bearer token (ROLE_ADMIN)","AdminCommunicationsController","getCenter","C:\Users\M16-PC\Projects\Sakany\src\main\java\com\theMs\sakany\notifications\internal\api\controllers\AdminCommunicationsController.java","34",,"AdminCommunicationsCenterService.AdminCommunicationsCenterResponse","200 OK"
"09-notifications-communications","POST","/v1/admin/communications/notifications","Admin Bearer token (ROLE_ADMIN)","AdminCommunicationsController","createPushNotification","C:\Users\M16-PC\Projects\Sakany\src\main\java\com\theMs\sakany\notifications\internal\api\controllers\AdminCommunicationsController.java","43","AdminCreatePushNotificationRequest","AdminCommunicationsCenterService.CreatePushNotificationResult","201 Created"
"09-notifications-communications","DELETE","/v1/admin/communications/notifications/{itemId}","Admin Bearer token (ROLE_ADMIN)","AdminCommunicationsController","deleteNotificationItem","C:\Users\M16-PC\Projects\Sakany\src\main\java\com\theMs\sakany\notifications\internal\api\controllers\AdminCommunicationsController.java","87",,"Void","204 No Content"
"09-notifications-communications","GET","/v1/admin/communications/notifications/{itemId}","Admin Bearer token (ROLE_ADMIN)","AdminCommunicationsController","getNotificationItem","C:\Users\M16-PC\Projects\Sakany\src\main\java\com\theMs\sakany\notifications\internal\api\controllers\AdminCommunicationsController.java","62",,"AdminCommunicationsCenterService.CommunicationCardItem","200 OK"
"09-notifications-communications","PATCH","/v1/admin/communications/notifications/{itemId}","Admin Bearer token (ROLE_ADMIN)","AdminCommunicationsController","updateNotificationItem","C:\Users\M16-PC\Projects\Sakany\src\main\java\com\theMs\sakany\notifications\internal\api\controllers\AdminCommunicationsController.java","70","AdminUpdateNotificationRequest","Void","204 No Content"
"09-notifications-communications","POST","/v1/device-tokens","Bearer token (authenticated user)","DeviceTokenController","registerDeviceToken","C:\Users\M16-PC\Projects\Sakany\src\main\java\com\theMs\sakany\notifications\internal\api\controllers\DeviceTokenController.java","34","RegisterDeviceTokenRequest","UUID","201 Created"
"09-notifications-communications","DELETE","/v1/device-tokens/{id}","Bearer token (authenticated user)","DeviceTokenController","deactivateDeviceToken","C:\Users\M16-PC\Projects\Sakany\src\main\java\com\theMs\sakany\notifications\internal\api\controllers\DeviceTokenController.java","42",,"Void","204 No Content"
"09-notifications-communications","GET","/v1/notifications","Bearer token (authenticated user)","NotificationController","listNotifications","C:\Users\M16-PC\Projects\Sakany\src\main\java\com\theMs\sakany\notifications\internal\api\controllers\NotificationController.java","50",,"List<NotificationResponse>","200 OK"
"09-notifications-communications","PATCH","/v1/notifications/{id}/read","Bearer token (authenticated user)","NotificationController","markAsRead","C:\Users\M16-PC\Projects\Sakany\src\main\java\com\theMs\sakany\notifications\internal\api\controllers\NotificationController.java","62",,"Void","204 No Content"
"09-notifications-communications","PATCH","/v1/notifications/read-all","Bearer token (authenticated user)","NotificationController","markAllAsRead","C:\Users\M16-PC\Projects\Sakany\src\main\java\com\theMs\sakany\notifications\internal\api\controllers\NotificationController.java","68",,"Void","204 No Content"
"09-notifications-communications","POST","/v1/notifications/send","Bearer token (authenticated user)","NotificationController","sendNotification","C:\Users\M16-PC\Projects\Sakany\src\main\java\com\theMs\sakany\notifications\internal\api\controllers\NotificationController.java","74","SendNotificationRequest","UUID","201 Created"
"10-admin-missing-found","GET","/v1/admin/missing-found/categories","Admin Bearer token (ROLE_ADMIN)","AdminMissingFoundController","getCategoryOptions","C:\Users\M16-PC\Projects\Sakany\src\main\java\com\theMs\sakany\community\internal\api\controllers\AdminMissingFoundController.java","176",,"List<String>","200 OK"
"10-admin-missing-found","GET","/v1/admin/missing-found/reports","Admin Bearer token (ROLE_ADMIN)","AdminMissingFoundController","getReports","C:\Users\M16-PC\Projects\Sakany\src\main\java\com\theMs\sakany\community\internal\api\controllers\AdminMissingFoundController.java","57",,"AdminMissingFoundService.MissingFoundReportsPage","200 OK"
"10-admin-missing-found","POST","/v1/admin/missing-found/reports","Admin Bearer token (ROLE_ADMIN)","AdminMissingFoundController","createReport","C:\Users\M16-PC\Projects\Sakany\src\main\java\com\theMs\sakany\community\internal\api\controllers\AdminMissingFoundController.java","101","AdminMissingFoundCreateRequest","UUID","201 Created"
"10-admin-missing-found","DELETE","/v1/admin/missing-found/reports/{reportId}","Admin Bearer token (ROLE_ADMIN)","AdminMissingFoundController","deleteReport","C:\Users\M16-PC\Projects\Sakany\src\main\java\com\theMs\sakany\community\internal\api\controllers\AdminMissingFoundController.java","160",,"Void","204 No Content"
"10-admin-missing-found","GET","/v1/admin/missing-found/reports/{reportId}","Admin Bearer token (ROLE_ADMIN)","AdminMissingFoundController","getReport","C:\Users\M16-PC\Projects\Sakany\src\main\java\com\theMs\sakany\community\internal\api\controllers\AdminMissingFoundController.java","91",,"AdminMissingFoundService.MissingFoundReportDetails","200 OK"
"10-admin-missing-found","PATCH","/v1/admin/missing-found/reports/{reportId}","Admin Bearer token (ROLE_ADMIN)","AdminMissingFoundController","updateReport","C:\Users\M16-PC\Projects\Sakany\src\main\java\com\theMs\sakany\community\internal\api\controllers\AdminMissingFoundController.java","118","AdminMissingFoundUpdateRequest","Void","204 No Content"
"10-admin-missing-found","GET","/v1/admin/missing-found/reports/{reportId}/details","Admin Bearer token (ROLE_ADMIN)","AdminMissingFoundController","getReportDetails","C:\Users\M16-PC\Projects\Sakany\src\main\java\com\theMs\sakany\community\internal\api\controllers\AdminMissingFoundController.java","96",,"AdminMissingFoundService.MissingFoundReportDetails","200 OK"
"10-admin-missing-found","PATCH","/v1/admin/missing-found/reports/{reportId}/mark-matched","Admin Bearer token (ROLE_ADMIN)","AdminMissingFoundController","markMatched","C:\Users\M16-PC\Projects\Sakany\src\main\java\com\theMs\sakany\community\internal\api\controllers\AdminMissingFoundController.java","136",,"Void","204 No Content"
"10-admin-missing-found","PATCH","/v1/admin/missing-found/reports/{reportId}/mark-resolved","Admin Bearer token (ROLE_ADMIN)","AdminMissingFoundController","markResolved","C:\Users\M16-PC\Projects\Sakany\src\main\java\com\theMs\sakany\community\internal\api\controllers\AdminMissingFoundController.java","142",,"Void","204 No Content"
"10-admin-missing-found","POST","/v1/admin/missing-found/reports/{reportId}/notify-user","Admin Bearer token (ROLE_ADMIN)","AdminMissingFoundController","notifyUser","C:\Users\M16-PC\Projects\Sakany\src\main\java\com\theMs\sakany\community\internal\api\controllers\AdminMissingFoundController.java","148","AdminMissingFoundNotifyUserRequest","AdminMissingFoundService.NotifyUserResult","200 OK"
"10-admin-missing-found","PATCH","/v1/admin/missing-found/reports/{reportId}/status","Admin Bearer token (ROLE_ADMIN)","AdminMissingFoundController","updateStatus","C:\Users\M16-PC\Projects\Sakany\src\main\java\com\theMs\sakany\community\internal\api\controllers\AdminMissingFoundController.java","127","AdminMissingFoundStatusRequest","Void","204 No Content"
"10-admin-missing-found","GET","/v1/admin/missing-found/residents/options","Admin Bearer token (ROLE_ADMIN)","AdminMissingFoundController","getResidentOptions","C:\Users\M16-PC\Projects\Sakany\src\main\java\com\theMs\sakany\community\internal\api\controllers\AdminMissingFoundController.java","181",,"AdminResidentOptionsPage","200 OK"
"10-admin-missing-found","GET","/v1/admin/missing-found/statuses","Admin Bearer token (ROLE_ADMIN)","AdminMissingFoundController","getStatusOptions","C:\Users\M16-PC\Projects\Sakany\src\main\java\com\theMs\sakany\community\internal\api\controllers\AdminMissingFoundController.java","171",,"List<String>","200 OK"
"10-admin-missing-found","GET","/v1/admin/missing-found/summary","Admin Bearer token (ROLE_ADMIN)","AdminMissingFoundController","getSummary","C:\Users\M16-PC\Projects\Sakany\src\main\java\com\theMs\sakany\community\internal\api\controllers\AdminMissingFoundController.java","76",,"AdminMissingFoundService.MissingFoundSummary","200 OK"
"10-admin-missing-found","GET","/v1/admin/missing-found/types","Admin Bearer token (ROLE_ADMIN)","AdminMissingFoundController","getTypeOptions","C:\Users\M16-PC\Projects\Sakany\src\main\java\com\theMs\sakany\community\internal\api\controllers\AdminMissingFoundController.java","166",,"List<String>","200 OK"
"11-admin-residents","GET","/v1/admin/residents","Admin Bearer token (ROLE_ADMIN)","AdminResidentsController","listResidents","C:\Users\M16-PC\Projects\Sakany\src\main\java\com\theMs\sakany\accounts\internal\api\controllers\AdminResidentsController.java","89",,"AdminResidentDirectoryService.AdminResidentDirectoryPage","200 OK"
"11-admin-residents","POST","/v1/admin/residents","Admin Bearer token (ROLE_ADMIN)","AdminResidentsController","createResident","C:\Users\M16-PC\Projects\Sakany\src\main\java\com\theMs\sakany\accounts\internal\api\controllers\AdminResidentsController.java","166","CreateResidentRequest","UUID","201 Created"
"11-admin-residents","DELETE","/v1/admin/residents/{residentId}","Admin Bearer token (ROLE_ADMIN)","AdminResidentsController","deactivateResident","C:\Users\M16-PC\Projects\Sakany\src\main\java\com\theMs\sakany\accounts\internal\api\controllers\AdminResidentsController.java","316",,"Void","204 No Content"
"11-admin-residents","GET","/v1/admin/residents/{residentId}","Admin Bearer token (ROLE_ADMIN)","AdminResidentsController","getResident","C:\Users\M16-PC\Projects\Sakany\src\main\java\com\theMs\sakany\accounts\internal\api\controllers\AdminResidentsController.java","109",,"AdminResidentDirectoryService.AdminResidentDirectoryItem","200/201 depending on handler logic"
"11-admin-residents","PATCH","/v1/admin/residents/{residentId}","Admin Bearer token (ROLE_ADMIN)","AdminResidentsController","updateResident","C:\Users\M16-PC\Projects\Sakany\src\main\java\com\theMs\sakany\accounts\internal\api\controllers\AdminResidentsController.java","232","UpdateResidentRequest","Void","204 No Content"
"11-admin-residents","PATCH","/v1/admin/residents/{residentId}/approval","Admin Bearer token (ROLE_ADMIN)","AdminResidentsController","updateApprovalStatus","C:\Users\M16-PC\Projects\Sakany\src\main\java\com\theMs\sakany\accounts\internal\api\controllers\AdminResidentsController.java","215","UpdateResidentApprovalRequest","Void","204 No Content"
"11-admin-residents","GET","/v1/admin/residents/{residentId}/card","Admin Bearer token (ROLE_ADMIN)","AdminResidentsController","getResidentCard","C:\Users\M16-PC\Projects\Sakany\src\main\java\com\theMs\sakany\accounts\internal\api\controllers\AdminResidentsController.java","116",,"AdminResidentCardService.ResidentCardResponse","200 OK"
"11-admin-residents","POST","/v1/admin/residents/{residentId}/reset-password","Admin Bearer token (ROLE_ADMIN)","AdminResidentsController","resetResidentPassword","C:\Users\M16-PC\Projects\Sakany\src\main\java\com\theMs\sakany\accounts\internal\api\controllers\AdminResidentsController.java","286","ResetPasswordRequest","ResetPasswordResponse","200 OK"
"11-admin-residents","GET","/v1/admin/residents/buildings","Admin Bearer token (ROLE_ADMIN)","AdminResidentsController","listResidentBuildings","C:\Users\M16-PC\Projects\Sakany\src\main\java\com\theMs\sakany\accounts\internal\api\controllers\AdminResidentsController.java","121",,"List<AdminResidentDirectoryService.AdminResidentBuildingOption>","200 OK"
"11-admin-residents","GET","/v1/admin/residents/units","Admin Bearer token (ROLE_ADMIN)","AdminResidentsController","listResidentUnits","C:\Users\M16-PC\Projects\Sakany\src\main\java\com\theMs\sakany\accounts\internal\api\controllers\AdminResidentsController.java","126",,"List<ResidentUnitOptionResponse>","200 OK"
"12-admin-employees","GET","/v1/admin/employees","Admin Bearer token (ROLE_ADMIN)","AdminEmployeesController","listEmployees","C:\Users\M16-PC\Projects\Sakany\src\main\java\com\theMs\sakany\accounts\internal\api\controllers\AdminEmployeesController.java","35",,"AdminEmployeeDirectoryService.AdminEmployeesDashboardResponse","200 OK"
"12-admin-employees","POST","/v1/admin/employees","Admin Bearer token (ROLE_ADMIN)","AdminEmployeesController","createEmployee","C:\Users\M16-PC\Projects\Sakany\src\main\java\com\theMs\sakany\accounts\internal\api\controllers\AdminEmployeesController.java","67","AdminCreateEmployeeRequest","AdminEmployeeDirectoryService.CreateEmployeeResult","201 Created"
"12-admin-employees","DELETE","/v1/admin/employees/{employeeId}","Admin Bearer token (ROLE_ADMIN)","AdminEmployeesController","deactivateEmployee","C:\Users\M16-PC\Projects\Sakany\src\main\java\com\theMs\sakany\accounts\internal\api\controllers\AdminEmployeesController.java","152",,"Void","204 No Content"
"12-admin-employees","GET","/v1/admin/employees/{employeeId}","Admin Bearer token (ROLE_ADMIN)","AdminEmployeesController","getEmployee","C:\Users\M16-PC\Projects\Sakany\src\main\java\com\theMs\sakany\accounts\internal\api\controllers\AdminEmployeesController.java","52",,"AdminEmployeeDirectoryService.AdminEmployeeItem","200 OK"
"12-admin-employees","PATCH","/v1/admin/employees/{employeeId}","Admin Bearer token (ROLE_ADMIN)","AdminEmployeesController","updateEmployee","C:\Users\M16-PC\Projects\Sakany\src\main\java\com\theMs\sakany\accounts\internal\api\controllers\AdminEmployeesController.java","96","AdminUpdateEmployeeRequest","Void","204 No Content"
"12-admin-employees","POST","/v1/admin/employees/{employeeId}/reset-password","Admin Bearer token (ROLE_ADMIN)","AdminEmployeesController","resetPassword","C:\Users\M16-PC\Projects\Sakany\src\main\java\com\theMs\sakany\accounts\internal\api\controllers\AdminEmployeesController.java","143","AdminResetPasswordRequest","AdminEmployeeDirectoryService.ResetPasswordResult","200 OK"
"12-admin-employees","PATCH","/v1/admin/employees/{employeeId}/status","Admin Bearer token (ROLE_ADMIN)","AdminEmployeesController","updateStatus","C:\Users\M16-PC\Projects\Sakany\src\main\java\com\theMs\sakany\accounts\internal\api\controllers\AdminEmployeesController.java","127","AdminUpdateEmployeeStatusRequest","Void","204 No Content"
"12-admin-employees","GET","/v1/admin/employees/roles","Admin Bearer token (ROLE_ADMIN)","AdminEmployeesController","getRoleOptions","C:\Users\M16-PC\Projects\Sakany\src\main\java\com\theMs\sakany\accounts\internal\api\controllers\AdminEmployeesController.java","57",,"List<String>","200 OK"
"12-admin-employees","GET","/v1/admin/employees/statuses","Admin Bearer token (ROLE_ADMIN)","AdminEmployeesController","getStatusOptions","C:\Users\M16-PC\Projects\Sakany\src\main\java\com\theMs\sakany\accounts\internal\api\controllers\AdminEmployeesController.java","62",,"List<String>","200 OK"
